{
  "train_loss": [
    0.9189290971052452,
    0.6565864750596343,
    0.5823296811736998,
    0.5293584397581758,
    0.4980523195423064,
    0.4516314766446098,
    0.40570426036099916,
    0.38149157532903016,
    0.36183907433611445,
    0.335952781262945,
    0.31061740805868243,
    0.2891219468390355,
    0.2878541606860083,
    0.28679726700313757,
    0.28677021748706943,
    0.2514681315324346,
    0.24743521286815892,
    0.2560950648344931,
    0.24855546115851793,
    0.22342812966127865,
    0.20717856251314037,
    0.20497851037099712,
    0.19751554642055855,
    0.1930525122118778,
    0.1783961018577951,
    0.1695993951842433,
    0.16979659226585608,
    0.1650513695155988,
    0.15281155400100302,
    0.15366916590538182,
    0.13267208953372767,
    0.1400770404544033,
    0.1487071587414038,
    0.13619173232649193,
    0.13082572023888103,
    0.11604112508844157,
    0.09374502319537226,
    0.08212169833847734,
    0.07803123047361608,
    0.07410257181427518,
    0.06950893576760761,
    0.07197097249206949,
    0.0652552537131505,
    0.06510988659546023,
    0.06410329330895768,
    0.06585157430562817,
    0.06485797318278766,
    0.0611498341819302,
    0.05585684810505539,
    0.04865615149257613
  ],
  "train_dice": [
    0.3346341598218834,
    0.4582764693215245,
    0.47747770867875367,
    0.5079082082040974,
    0.5262499450415862,
    0.5774683031390925,
    0.6054987846950038,
    0.6272839608251072,
    0.6356396726408943,
    0.6631017765793644,
    0.6773871136981933,
    0.6974890622936312,
    0.6921368754300915,
    0.6873987784273312,
    0.6954457001363645,
    0.7184459073621718,
    0.7214558390808887,
    0.7184283879936718,
    0.7164182179286832,
    0.7344932920131527,
    0.7504906620158524,
    0.7504786038007892,
    0.7573154681041593,
    0.761347803180335,
    0.7683133785841895,
    0.7766590792624677,
    0.7709854770390714,
    0.773198240421346,
    0.7840424189802075,
    0.7817803616406488,
    0.7987498743612258,
    0.7888810908208128,
    0.7781418840416142,
    0.7887694486340538,
    0.7944265589362285,
    0.8139113016792985,
    0.8321445486584648,
    0.8464103077278763,
    0.8505799193851283,
    0.8537079579517489,
    0.8543970294174601,
    0.8567151505439008,
    0.8624872149991207,
    0.8662054934462563,
    0.8684681057929993,
    0.8659765857164977,
    0.8679546464662082,
    0.8710223734378815,
    0.8801401614165697,
    0.8905347742018153
  ],
  "val_loss": [
    1.1843713074922562,
    0.5837094048038125,
    0.5383580280467868,
    0.5672099208459258,
    0.5061083482578397,
    0.43173939920961857,
    0.38785084849223495,
    0.4722252320498228,
    0.3568426435813308,
    0.34860547352582216,
    0.34764561243355274,
    0.5266803097911179,
    0.2982815271243453,
    0.27771435980685055,
    0.3080463509541005,
    0.2606154951499775,
    0.27376623486634344,
    0.5038879308849573,
    0.286864199093543,
    0.22882708976976573,
    0.27460283576510847,
    0.28044419968500733,
    0.22417389485053718,
    0.22688356577418745,
    0.24714244855567813,
    0.21007022575940937,
    0.25611450732685626,
    0.23413850087672472,
    0.2399579118937254,
    0.20352999784518033,
    0.20354209502693266,
    0.24740894988644868,
    0.2356783130671829,
    0.21108370565343648,
    0.24331646459177136,
    0.20866014948114753,
    0.20330264803487808,
    0.20418069849256426,
    0.23312583629740402,
    0.20312177046434954,
    0.21354667010018602,
    0.20193943555932492,
    0.21361180779058486,
    0.203889382770285,
    0.2203204322140664,
    0.21781094942707568,
    0.23415346594993025,
    0.22682681761216372,
    0.22980094543891028,
    0.23667052236851305
  ],
  "val_dice": [
    0.19652467302512378,
    0.407576204277575,
    0.42957199923694134,
    0.3578261830843985,
    0.590456229634583,
    0.7013357253745198,
    0.6906114872545004,
    0.43132367450743914,
    0.5801328551024199,
    0.6760196555405855,
    0.7579321935772896,
    0.46923473477363586,
    0.5793225858360529,
    0.7575329197570682,
    0.7554017528891563,
    0.6153044812381268,
    0.6285147462040186,
    0.4570863712579012,
    0.554758420214057,
    0.754059074446559,
    0.7361693568527699,
    0.6738165952265263,
    0.7694884035736322,
    0.5774274207651615,
    0.6075244350358844,
    0.7221715711057186,
    0.6881952192634344,
    0.8091566953808069,
    0.6533309053629637,
    0.6991194393485785,
    0.8497699312865734,
    0.7549775149673223,
    0.8394726272672415,
    0.8406043685972691,
    0.5789780560880899,
    0.6406251974403858,
    0.8287044893950224,
    0.8247016556560993,
    0.7352396454662085,
    0.7896165158599615,
    0.7603456024080515,
    0.7912324257194996,
    0.8053347151726484,
    0.8037200514227152,
    0.8189582657068968,
    0.8619082998484373,
    0.6870786175131798,
    0.7940418571233749,
    0.7760755252093077,
    0.8071061167865992
  ],
  "val_vPCC": [
    0.36382928250987806,
    0.5192221980868857,
    0.4079212687281144,
    0.5219239579368502,
    0.4273467906155406,
    0.48911958496212493,
    0.5976137346473129,
    0.5634800931354306,
    0.5926502540972627,
    0.5774757272552553,
    0.6038028021096458,
    0.5239119147787974,
    0.6882535217548009,
    0.687205249468263,
    0.6346772844087624,
    0.758539501735837,
    0.7149502574972033,
    0.532576984466238,
    0.6957905243080207,
    0.7989875988164306,
    0.7671967228070514,
    0.6920709063718634,
    0.8360001208071586,
    0.7883843980668308,
    0.7536096011582408,
    0.8386194986476134,
    0.7092087939957635,
    0.8302089451408696,
    0.7917867661584774,
    0.8417181929952275,
    0.866578783172864,
    0.8044529116840835,
    0.8712980436249851,
    0.8589212013593683,
    0.8103082877690353,
    0.8179497531644409,
    0.9026214647172093,
    0.8924794044139187,
    0.8764477583058627,
    0.882113427561084,
    0.8840007017619372,
    0.8499236114347116,
    0.8930807732388502,
    0.8847971383717187,
    0.857556577423818,
    0.882378342265066,
    0.8961388734073937,
    0.8879439320406279,
    0.8998737542809843,
    0.8978428170854992
  ],
  "val_RAE": [
    7.415181732357463,
    3.434830068444499,
    1.0060951144677375,
    8.28996931791324,
    2.650749350955744,
    0.9396919990558931,
    1.1428133113051167,
    3.817683502477996,
    3.2453740854376614,
    3.395220675005748,
    2.647574935095468,
    9.991338210997894,
    1.346034930375204,
    1.804856030209973,
    3.3162497049797883,
    0.8730115647863659,
    1.628062308236887,
    7.7597769648332635,
    3.5535284399337552,
    1.6168692471087305,
    2.032570214774513,
    2.6025371725276134,
    1.0700141609628973,
    1.8910608921405794,
    2.4244748642906613,
    1.5619483124851783,
    2.1007139485484063,
    0.9385473212177996,
    2.301781921170536,
    1.6504838329005638,
    0.7820922822751594,
    0.752519471324016,
    0.7475985367004618,
    1.0958579183383963,
    1.6957694123199611,
    1.4723153174415187,
    0.4670049563370097,
    0.6703563842340976,
    0.5257139485484776,
    0.9458756195420853,
    0.669683738494187,
    1.0930965305640288,
    0.638801038470587,
    0.7713948548500951,
    0.8043839981118355,
    0.6148218078829081,
    0.4978404531507916,
    0.6378510738729946,
    0.48585673825817965,
    0.48251121076230996
  ],
  "learning_rates": [
    0.0002,
    0.0004,
    0.0006,
    0.0008,
    0.001,
    0.001,
    0.001,
    0.001,
    0.001,
    0.001,
    0.001,
    0.001,
    0.001,
    0.001,
    0.001,
    0.001,
    0.001,
    0.001,
    0.001,
    0.001,
    0.001,
    0.001,
    0.001,
    0.001,
    0.001,
    0.001,
    0.001,
    0.001,
    0.001,
    0.001,
    0.001,
    0.001,
    0.001,
    0.001,
    0.001,
    0.0005,
    0.0005,
    0.0005,
    0.0005,
    0.0005,
    0.0005,
    0.0005,
    0.0005,
    0.0005,
    0.0005,
    0.0005,
    0.0005,
    0.00025,
    0.00025,
    0.00025
  ]
}