{
  "train_loss": [
    0.9354702996425941,
    0.6128406104494314,
    0.5265956061785338,
    0.4855345082087595,
    0.4524633447166349,
    0.42472628369683124,
    0.38387267267117736,
    0.35212518641206086,
    0.31659510438559485,
    0.2897264713146647,
    0.293805649778882,
    0.2821281943164888,
    0.2784326804465935,
    0.2562807515019276,
    0.24455655524965192,
    0.2427476351378394,
    0.2512803165639033,
    0.22389602795487545,
    0.2175494779328831,
    0.2189129623966139,
    0.20157356865581919,
    0.19125212851117868,
    0.19536818185302077,
    0.18848005718872196,
    0.17677689758969134,
    0.1793633721402434,
    0.18318754837649767,
    0.17510818873272568,
    0.16237396453736258,
    0.1315895174859,
    0.10903172622450062,
    0.10278795097695022,
    0.09655603998508609,
    0.09311067923659185,
    0.08803396708652621,
    0.0874226159858899,
    0.07694205147076826,
    0.06558573478069461,
    0.06096128936185211,
    0.05955020121497209,
    0.05580923547510241,
    0.05502960409541599,
    0.051513121142739156,
    0.04626825412155175,
    0.044881711973518625,
    0.04362638865704419,
    0.04203268427584992,
    0.04174689823364625,
    0.038753521674480595,
    0.03689801164704268
  ],
  "train_dice": [
    0.3532541140181119,
    0.4834836311027652,
    0.5188924759382108,
    0.5379956734717869,
    0.5567401375194065,
    0.5816116008724346,
    0.6151395615984182,
    0.6433921449008535,
    0.6736336826789574,
    0.6848085400511007,
    0.6815164405155972,
    0.6922866455355629,
    0.6996564164024884,
    0.7109024473389641,
    0.723031048647693,
    0.7248169129989186,
    0.7138847913898405,
    0.7362742714706014,
    0.7480800540232267,
    0.7435193777572914,
    0.763075410098326,
    0.765292590270277,
    0.7595265888776935,
    0.7671047725149842,
    0.773473776266223,
    0.7703910770474888,
    0.771608829498291,
    0.7784411877882286,
    0.7864533770279806,
    0.8088877306121295,
    0.8296714781737718,
    0.8298053560686893,
    0.8377740392919446,
    0.8448176813907311,
    0.8483309863043613,
    0.8454482486990632,
    0.858513210640579,
    0.8695172296195733,
    0.8683374721984394,
    0.8763552698932711,
    0.8801278403547944,
    0.88267932270394,
    0.8884540688796122,
    0.895643125303456,
    0.8971222140749947,
    0.9002205240921896,
    0.9015212195818542,
    0.9027591474720689,
    0.9091690397653424,
    0.9106406989644785
  ],
  "val_loss": [
    1.3537120521068573,
    0.6312718680128455,
    0.647198767401278,
    0.44191395677626133,
    0.5747614693827927,
    0.40346051240339875,
    0.3775841654278338,
    0.36474931915290654,
    0.3155765668489039,
    0.32232565770391375,
    0.3782442291267216,
    0.32996252248995006,
    0.359570175409317,
    0.2893588173901662,
    0.2997101740911603,
    0.34047397098038346,
    0.3515903609804809,
    0.2656775605864823,
    0.30146690062247217,
    0.24944833992049098,
    0.24392626737244427,
    0.29792166128754616,
    0.22226777556352317,
    0.2727744863368571,
    0.3230956164188683,
    0.280272200005129,
    0.22389809705782682,
    0.26133204519283026,
    0.2438958240672946,
    0.17411943967454135,
    0.19545950868632644,
    0.19274210999719799,
    0.1918486168142408,
    0.2054698949214071,
    0.1862089753849432,
    0.20386355742812157,
    0.18606036168057472,
    0.18312495714053512,
    0.20329028775449842,
    0.20700316166039556,
    0.2107362950919196,
    0.20784634037408978,
    0.20554832089692354,
    0.20317231386434287,
    0.2252914517885074,
    0.2208864321000874,
    0.22115331725217402,
    0.23398371506482363,
    0.21870464086532593,
    0.22679871576838195
  ],
  "val_dice": [
    0.21401497162878513,
    0.4543575895950198,
    0.44093025382608175,
    0.5146396905183792,
    0.41047477163374424,
    0.48224425222724676,
    0.626309322193265,
    0.5174627341330051,
    0.5279648704454303,
    0.6320990519598126,
    0.5089714033529162,
    0.5427428549155593,
    0.5418408345431089,
    0.586048161610961,
    0.6125956457108259,
    0.5790727976709604,
    0.6158898016437888,
    0.6423775535076857,
    0.6082298941910267,
    0.6545498445630074,
    0.718200882896781,
    0.6756204105913639,
    0.7668706644326448,
    0.6520800478756428,
    0.5308420155197382,
    0.558499975129962,
    0.6998702865093946,
    0.5905875954777002,
    0.691618169657886,
    0.7454166207462549,
    0.747754218056798,
    0.8105091359466314,
    0.7081903927028179,
    0.7138639111071825,
    0.7571577522903681,
    0.6428470723330975,
    0.6972845196723938,
    0.7304154094308615,
    0.7307007052004337,
    0.6686500515788794,
    0.6676844786852598,
    0.6587532330304384,
    0.7677531149238348,
    0.7067379765212536,
    0.7031602058559656,
    0.7371001206338406,
    0.7019400615245104,
    0.7068330366164446,
    0.7044777423143387,
    0.6740549150854349
  ],
  "val_vPCC": [
    -0.01715969800124208,
    0.4386675222205991,
    0.3793739305350249,
    0.5292836413630981,
    0.4096741091062554,
    0.479884199265427,
    0.4675110484045964,
    0.5545894375203877,
    0.5927948612067695,
    0.538849003588636,
    0.4024474876787311,
    0.5645967371186992,
    0.4757598906243868,
    0.5964801248214199,
    0.5541000934736448,
    0.6049481833474817,
    0.4880368853114545,
    0.6267107189585372,
    0.5978825822734103,
    0.7135833336584174,
    0.6858359506728925,
    0.5861510372373007,
    0.7543670691897193,
    0.6916955698978913,
    0.6290421267169741,
    0.7303267034472529,
    0.6884493330314148,
    0.7430714855002256,
    0.7583380941208929,
    0.8310886391835669,
    0.8621389631832528,
    0.8238407652653431,
    0.822340239828943,
    0.8254495920506437,
    0.8457191269372096,
    0.8235990164069711,
    0.8563027605813074,
    0.8495098141693946,
    0.8816734128203716,
    0.8886093739133007,
    0.8940313384363067,
    0.8547701591088479,
    0.8902402072015523,
    0.9025679119294097,
    0.8928059250779702,
    0.8953481546322628,
    0.8954507775104723,
    0.9016566870063399,
    0.8960195774197356,
    0.8991854430236516
  ],
  "val_RAE": [
    4.057428833051926,
    2.404495482057705,
    1.5093324733213267,
    2.1683588553393705,
    3.2127147390303885,
    2.2877891742156673,
    4.646512056484153,
    1.3606636681428337,
    2.6333296859611495,
    1.366555133868094,
    5.0857055649297225,
    2.4484597531687866,
    3.2686231938308086,
    1.5732805040283577,
    3.3682943544437944,
    4.389332012600519,
    5.147609147608919,
    1.7613236505202499,
    1.3184443766160643,
    1.411590580565589,
    1.5622923157548518,
    3.248126882475771,
    1.5376092051991659,
    2.8036926762687315,
    4.296848094631841,
    1.8172033102780243,
    1.5873612798819874,
    0.980914645734548,
    1.2734031709100406,
    1.0253281195109005,
    0.6622168727431595,
    0.9788010896043715,
    1.2340576246392885,
    0.8259973163019888,
    0.6937762394825802,
    1.355900968089274,
    0.6338998278056173,
    0.717261476264215,
    0.5266613299854065,
    0.49439360519690767,
    0.44684147177220024,
    0.6379944828698013,
    0.45292298477892057,
    0.49164079912000197,
    0.4140036051393211,
    0.4174935643079504,
    0.4311193784877806,
    0.3738748337086125,
    0.4463692330728147,
    0.4054514774736203
  ],
  "learning_rates": [
    0.0002,
    0.0004,
    0.0006,
    0.0008,
    0.001,
    0.001,
    0.001,
    0.001,
    0.001,
    0.001,
    0.001,
    0.001,
    0.001,
    0.001,
    0.001,
    0.001,
    0.001,
    0.001,
    0.001,
    0.001,
    0.001,
    0.001,
    0.001,
    0.001,
    0.001,
    0.001,
    0.001,
    0.001,
    0.0005,
    0.0005,
    0.0005,
    0.0005,
    0.0005,
    0.0005,
    0.0005,
    0.00025,
    0.00025,
    0.00025,
    0.00025,
    0.00025,
    0.00025,
    0.000125,
    0.000125,
    0.000125,
    0.000125,
    0.000125,
    0.000125,
    6.25e-05,
    6.25e-05,
    6.25e-05
  ]
}