{
  "train_loss": [
    0.8908374280226036,
    0.6436311118915433,
    0.5446970501884085,
    0.5127834047450394,
    0.4767180275721628,
    0.4351012894853217,
    0.37464597039535397,
    0.3530458915429037,
    0.3373195963804839,
    0.3112165703148138,
    0.2919306479028014,
    0.27303199592183847,
    0.2774539177046447,
    0.2743094028508077,
    0.2425692631084411,
    0.24107615722984563,
    0.2427373719019968,
    0.22219707462631288,
    0.21690698749706394,
    0.1952458446631666,
    0.1956492206845127,
    0.18973278816117614,
    0.19931847345633585,
    0.19567519866052221,
    0.18561290595375124,
    0.1788778247647598,
    0.1618901682926006,
    0.1606200767345116,
    0.15795685912741989,
    0.15391269741488284,
    0.14170375331992008,
    0.14288042497928025,
    0.13503820485756046,
    0.13302360804843122,
    0.10215292956496848,
    0.08783137737238994,
    0.08349084811376743,
    0.07559626958653574,
    0.07587938517576358,
    0.07801606066402841,
    0.07088823134049041,
    0.0627618388379695,
    0.054318316708334154,
    0.052696693138998066,
    0.04957688361650608,
    0.04991030341899786,
    0.04678211000854852,
    0.04446066259482845,
    0.04190253512170471,
    0.040370531319106215
  ],
  "train_dice": [
    0.3012885910365349,
    0.46759213262894117,
    0.5151612491148417,
    0.5368006760712529,
    0.5525410081275174,
    0.5913047756327957,
    0.6413107893017472,
    0.6435198024770276,
    0.6688226248885765,
    0.6841019541025162,
    0.6907215446966594,
    0.7084100581094867,
    0.6992853606333498,
    0.7039328977221349,
    0.7316287621611455,
    0.7310842334247026,
    0.7332867667323253,
    0.7439788215961612,
    0.7456089023683892,
    0.7629865837878869,
    0.769118640266481,
    0.7624954288123084,
    0.7614272649659485,
    0.7563461519655634,
    0.7706606998795369,
    0.7671420359220661,
    0.7850009549836643,
    0.779858262079661,
    0.7859328357411213,
    0.7897684491071545,
    0.8024534783402427,
    0.7958109366600631,
    0.7990975179633156,
    0.8073994512440729,
    0.8278867563263315,
    0.8421210749227492,
    0.8439000092568945,
    0.8540694645193757,
    0.8539299388400844,
    0.8513293207668867,
    0.8599214265581037,
    0.8701797181465587,
    0.878071200163638,
    0.8826837568986611,
    0.8859907100435163,
    0.8862349053875345,
    0.8934050090000277,
    0.896842791408789,
    0.8997318988940755,
    0.9018430494871296
  ],
  "val_loss": [
    0.6954205138608813,
    0.6738081080839038,
    0.5017498431261629,
    0.7390518970787525,
    1.2567212926223874,
    0.4671545659657568,
    0.3900222764350474,
    0.48019462497904897,
    0.4031563855241984,
    0.334763576509431,
    0.3796660515945405,
    0.3003719908883795,
    0.43681643554009497,
    0.3114889619173482,
    0.31447671563364565,
    0.2867996987188235,
    0.2767595916520804,
    0.3068816827144474,
    0.2928112130612135,
    0.25146353361196816,
    0.2740144713316113,
    0.26183662842959166,
    0.34705864975694567,
    0.2763975152047351,
    0.25888851599302143,
    0.24314694432541728,
    0.240094329463318,
    0.22777486604172736,
    0.28447534679435194,
    0.23857432749355212,
    0.25476416724268347,
    0.23506874672602862,
    0.31512855959590524,
    0.25321410212200135,
    0.1819451677147299,
    0.20601386053021997,
    0.2068910127854906,
    0.1987770817358978,
    0.2020968632423319,
    0.20696376718115062,
    0.2156661904300563,
    0.1997500971192494,
    0.21752488112542778,
    0.22092806751606986,
    0.21737482579192147,
    0.21887680143117905,
    0.2346312190638855,
    0.23144588572904468,
    0.23495579860173166,
    0.2529030120931566
  ],
  "val_dice": [
    0.27706444886280224,
    0.4391642921837047,
    0.4751610644161701,
    0.37227670941501856,
    0.2970323055051267,
    0.4722612639889121,
    0.6874920642003417,
    0.4756768913939595,
    0.6746710110455751,
    0.6973153259605169,
    0.7132586222141981,
    0.7114251684397459,
    0.49488701298832893,
    0.5381895024329424,
    0.7419345043599606,
    0.6129723368212581,
    0.7613891735672951,
    0.7282295897603035,
    0.7491613868623972,
    0.7824163790792227,
    0.7148652989417315,
    0.7692354954779148,
    0.7299131229519844,
    0.7519608438014984,
    0.7145349886268377,
    0.5521193463355303,
    0.6911973357200623,
    0.7751644644886255,
    0.6005853097885847,
    0.6493368037045002,
    0.7502503152936697,
    0.6816753353923559,
    0.722581934183836,
    0.7955862171947956,
    0.6564281098544598,
    0.6535050943493843,
    0.757332993671298,
    0.6314412914216518,
    0.7857492920011282,
    0.6212058961391449,
    0.6549709998071194,
    0.7322084233164787,
    0.7385005671530962,
    0.794274790212512,
    0.7303909715265036,
    0.7954790759831667,
    0.7350385803729296,
    0.7673759162425995,
    0.7380219716578722,
    0.8019669074565172
  ],
  "val_vPCC": [
    0.42035993410498007,
    0.44776472800066186,
    0.5547430615877398,
    0.5484915156150927,
    0.44903759078210637,
    0.5606092662166011,
    0.5189372432672676,
    0.5002298553790592,
    0.634716634654994,
    0.584490418264348,
    0.6392748774547582,
    0.6857017939233465,
    0.6289849837649679,
    0.6075190473957113,
    0.6354980732808067,
    0.6404896317112312,
    0.6162776746325045,
    0.7470058432182667,
    0.6777158033982402,
    0.7484939871644409,
    0.7680130179506538,
    0.7578949667893912,
    0.6775778065740462,
    0.6914463545000512,
    0.747610910356886,
    0.767107468865325,
    0.815322840860272,
    0.7951063099152419,
    0.6893589062792772,
    0.8066414891608307,
    0.782679225272789,
    0.8111390229457214,
    0.8565150774551304,
    0.8383088470217714,
    0.8651047652147583,
    0.8942522547591649,
    0.8826496150757501,
    0.8738583900569286,
    0.8669901373128642,
    0.8816670316950763,
    0.8823756308575532,
    0.9025802192341502,
    0.9028196275346008,
    0.9068104799376331,
    0.9133569887537742,
    0.9066399378297507,
    0.8951153935084514,
    0.8992081519788664,
    0.9096174332260635,
    0.9000061685944537
  ],
  "val_RAE": [
    1.1006975564185704,
    1.1447844498503466,
    3.352571854001464,
    3.167726516153699,
    6.648817568368351,
    5.0582324460945,
    2.107293756134958,
    1.6559259101190145,
    1.6822964828171,
    2.387620388943337,
    2.2923904229438805,
    1.313815031368652,
    0.8485245093157378,
    2.0108213714973266,
    1.4100740234920952,
    2.6160784146357887,
    2.1817535174198643,
    1.168281336690667,
    1.35117294751962,
    0.941089439915747,
    0.7826194168219405,
    1.4637730641741895,
    1.431067104832578,
    2.174796921457251,
    1.5067692847556582,
    1.194073378572504,
    0.6927242636772499,
    1.1660905068783103,
    2.282408395335633,
    1.480422422336927,
    1.7495293509547498,
    1.2500533481285034,
    0.5671830765509878,
    0.5982056060584291,
    1.16298920233874,
    0.5939330137187462,
    0.5366394946865072,
    0.756476462805658,
    0.7719118546654438,
    0.835569212676434,
    0.5876829840808975,
    0.5160542301509212,
    0.42470326585386275,
    0.47966369339761844,
    0.47909464669310986,
    0.5026105017569139,
    0.44648352846891637,
    0.43896262785766577,
    0.4292034768753493,
    0.4212984697385552
  ],
  "learning_rates": [
    0.0002,
    0.0004,
    0.0006,
    0.0008,
    0.001,
    0.001,
    0.001,
    0.001,
    0.001,
    0.001,
    0.001,
    0.001,
    0.001,
    0.001,
    0.001,
    0.001,
    0.001,
    0.001,
    0.001,
    0.001,
    0.001,
    0.001,
    0.001,
    0.001,
    0.001,
    0.001,
    0.001,
    0.001,
    0.001,
    0.001,
    0.001,
    0.001,
    0.001,
    0.0005,
    0.0005,
    0.0005,
    0.0005,
    0.0005,
    0.0005,
    0.0005,
    0.00025,
    0.00025,
    0.00025,
    0.00025,
    0.00025,
    0.00025,
    0.000125,
    0.000125,
    0.000125,
    0.000125
  ]
}