{
  "train_loss": [
    0.8358156925342122,
    0.6064672616661572,
    0.5382406907003434,
    0.5287667473808664,
    0.5033506521436034,
    0.4776737279579288,
    0.45956253858863333,
    0.43008895682506876,
    0.4183753640925298,
    0.3964829664738452,
    0.35609659528146026,
    0.341170393541211,
    0.3325083167826543,
    0.30713409967109806,
    0.2852325014403609,
    0.28952755302679345,
    0.2808181236757607,
    0.2563808186620962,
    0.24233185487692474,
    0.2492113975716419,
    0.2491855308657787,
    0.23276891180726347,
    0.2297037221857759,
    0.21085325274311129,
    0.21990078870878846,
    0.2226658336451796,
    0.20519854665779677,
    0.18643522775564036,
    0.18560445064403971,
    0.17624714787377685,
    0.17999705818832898,
    0.1654682347520453,
    0.17489593146277255,
    0.1539803844739179,
    0.1573924135233535,
    0.15912834023598765,
    0.12141626120590773,
    0.10822706877208146,
    0.0955081117934868,
    0.0927657250498162,
    0.08257527295194689,
    0.08599717487565807,
    0.08361460836451562,
    0.08369454625444334,
    0.08258404246852045,
    0.0664736161344364,
    0.05882346532383903,
    0.055648436556096935,
    0.056609038446770336,
    0.05377191775402085
  ],
  "train_dice": [
    0.36748666675059033,
    0.48654074844766837,
    0.5091147763562984,
    0.5053688789122417,
    0.5324402694575122,
    0.5617044186982952,
    0.566549749525844,
    0.5919582355217855,
    0.6006779491168553,
    0.6147733935322918,
    0.6524797105154053,
    0.6655596362762763,
    0.6688474548034004,
    0.6891383914673914,
    0.7135587876937428,
    0.6935750600255903,
    0.7029379501205976,
    0.7274482931758537,
    0.7314507037889763,
    0.7249810808017606,
    0.7279632098850657,
    0.7441347847219373,
    0.7440592436516871,
    0.7604596167802811,
    0.7502633220836764,
    0.7475005388259888,
    0.7545012968485473,
    0.7723818411592578,
    0.7705951543127905,
    0.7780824323169521,
    0.7732421079131423,
    0.7800331184121428,
    0.76933752757604,
    0.7909152903517739,
    0.784340243725503,
    0.7849865787830509,
    0.817480700914977,
    0.8271086924388761,
    0.8373106346755731,
    0.8384229272115425,
    0.8515541318987236,
    0.8473015886838319,
    0.8466059526459115,
    0.8466609340222155,
    0.8527172290887989,
    0.869401252660595,
    0.8750212427045478,
    0.8798488266155368,
    0.8812347240135318,
    0.8819729182563845
  ],
  "val_loss": [
    0.748912793584168,
    0.5693699456751347,
    0.6098496834747493,
    0.5919741857796907,
    0.47423679986968637,
    0.44857793650589883,
    0.41862161667086184,
    0.3641642003785819,
    0.675747980363667,
    0.3977012634277344,
    0.41766517236828804,
    0.41781976190395653,
    0.3713809021282941,
    0.29198747547343373,
    0.29146846069488674,
    0.3023978597484529,
    0.26710164721589535,
    0.3126661798451096,
    0.2835059503559023,
    0.279330600053072,
    0.2633727651555091,
    0.24509025434963405,
    0.26405872288160026,
    0.237711658119224,
    0.2380253621377051,
    0.242019698722288,
    0.2695903783896938,
    0.2437754770508036,
    0.2248534660320729,
    0.2095926880137995,
    0.23765854601515457,
    0.24010809720493853,
    0.24071878334507346,
    0.214896650868468,
    0.2333309263922274,
    0.2807186930440366,
    0.21146582288201898,
    0.21600857784505934,
    0.20570748765021563,
    0.23056587489554659,
    0.23370253830216825,
    0.21165809041121975,
    0.23800546146230772,
    0.21818707475904375,
    0.2310943433549255,
    0.23459005518816411,
    0.2572368457913399,
    0.2745761447586119,
    0.25455467752180994,
    0.2695263742352836
  ],
  "val_dice": [
    0.2811547741293907,
    0.30804029991850257,
    0.44959515309892595,
    0.3307234395761043,
    0.4414342511445284,
    0.5539432065561414,
    0.5578422220423818,
    0.5537182027474046,
    0.3559534130351949,
    0.5817495342344046,
    0.5086139743216336,
    0.5174128040671349,
    0.43637677608057857,
    0.5167458532378078,
    0.6189599018543959,
    0.5682084942236543,
    0.6517865303903818,
    0.7202679123729467,
    0.6460392149165273,
    0.6342967506498098,
    0.6355594135820866,
    0.6637902949005365,
    0.6702070189639926,
    0.6311852289363742,
    0.7052944749593735,
    0.735606087371707,
    0.7526777256280184,
    0.5729288561269641,
    0.7360565029084682,
    0.6913848035037518,
    0.8006158880889416,
    0.6169163193553686,
    0.7089828783646226,
    0.7584569714963436,
    0.7396276276558638,
    0.816059049218893,
    0.8424300458282232,
    0.696182057261467,
    0.7356303427368402,
    0.6778987739235163,
    0.7409677226096392,
    0.7970405295491219,
    0.6355500835925341,
    0.8007051404565573,
    0.6406161598861217,
    0.8353374302387238,
    0.7471689973026514,
    0.744791854172945,
    0.6475810799747705,
    0.7741987444460392
  ],
  "val_vPCC": [
    0.399218177567372,
    0.5029748269597982,
    0.16157823855443948,
    0.3568918322925964,
    0.39858008750194895,
    0.5799445430242088,
    0.5092485208448164,
    0.6268173261207878,
    0.5768694766042828,
    0.5699322666261061,
    0.5838699459539691,
    0.6422462295050215,
    0.5860200936236499,
    0.6882645154946838,
    0.6555313680248835,
    0.7116683801435002,
    0.7385749498723628,
    0.7808874450868766,
    0.7424485980772196,
    0.7632559121571962,
    0.6872567014087902,
    0.7697338524754206,
    0.7846520198497124,
    0.8033072950101834,
    0.8213898793725924,
    0.8156158964216503,
    0.8056395261466043,
    0.8576083080311859,
    0.8184655689648479,
    0.8702695412239421,
    0.8522956776209794,
    0.8316568813852634,
    0.8649532681638263,
    0.8148914933803143,
    0.8245322654005822,
    0.8120605256949517,
    0.8405685621941767,
    0.8318293615476993,
    0.8705543454691714,
    0.8672487239202946,
    0.8830801488196215,
    0.8959040267391134,
    0.8951872748051695,
    0.8877671529668362,
    0.9004338207231843,
    0.8725007042040589,
    0.8700308746707452,
    0.870401039709776,
    0.8803620260024285,
    0.8718538161310426
  ],
  "val_RAE": [
    1.004047376654296,
    2.073890695999724,
    0.9795595063689939,
    1.1486802572442647,
    1.1284235095472968,
    2.36857447917951,
    2.67045415042326,
    2.7846944603082915,
    2.6607702430908047,
    3.2977230402501667,
    3.347086137114068,
    0.9457601867255624,
    4.279765599781327,
    1.969433615573634,
    1.6129764358254297,
    1.0203411715044437,
    1.2922950860377431,
    0.9759243165395804,
    1.3201847391552155,
    1.1132421225138016,
    2.170451667370115,
    0.9951878429716806,
    1.189665532739011,
    1.764000695254819,
    1.4814242792937637,
    1.3180691778610483,
    0.6818612966503352,
    0.618056762595264,
    1.2324088098725732,
    1.1890993966180372,
    0.9892831425520451,
    0.6661237057085135,
    1.4158369130682553,
    1.4911230849451917,
    1.0824870260471866,
    0.4873438780324102,
    1.3622973207855862,
    0.8759119012737732,
    0.673771509447992,
    0.4770590718347099,
    0.49290095100934245,
    0.6919623569140354,
    0.41539492960542734,
    0.5490278846869903,
    0.4616889727608892,
    0.4725548133985371,
    0.41217689270725716,
    0.3989223549276038,
    0.4563404762495791,
    0.42585354952447924
  ],
  "learning_rates": [
    0.0002,
    0.0004,
    0.0006,
    0.0008,
    0.001,
    0.001,
    0.001,
    0.001,
    0.001,
    0.001,
    0.001,
    0.001,
    0.001,
    0.001,
    0.001,
    0.001,
    0.001,
    0.001,
    0.001,
    0.001,
    0.001,
    0.001,
    0.001,
    0.001,
    0.001,
    0.001,
    0.001,
    0.001,
    0.001,
    0.001,
    0.001,
    0.001,
    0.001,
    0.001,
    0.001,
    0.0005,
    0.0005,
    0.0005,
    0.0005,
    0.0005,
    0.0005,
    0.0005,
    0.0005,
    0.0005,
    0.00025,
    0.00025,
    0.00025,
    0.00025,
    0.00025,
    0.00025
  ]
}