{
  "train_loss": [
    13.82234891653061,
    2.4442679673433303,
    2.20396274626255,
    2.798338007926941,
    2.775218462944031,
    2.5645636439323427,
    1.9914533227682114,
    1.4329359784722329,
    1.2269889190793037,
    1.0128334596753121,
    0.9855390474200248,
    0.9490633040666581,
    0.9699167981743813,
    0.9634365424513817,
    0.8677355781197548,
    0.9004422880709171,
    0.8973222494125366,
    0.8316696867346763,
    0.6910498924553394,
    0.6811938218772411,
    0.6198281951248645,
    0.5936688780784607,
    0.603319899737835,
    0.5728207334876061,
    0.5603266820311547,
    0.5477711021900177,
    0.544287046045065,
    0.5359131105244159,
    0.5384881108999252,
    0.5331595495343209
  ],
  "train_dice": [
    0.058044242755374856,
    0.06088215370876924,
    0.12841081122239756,
    0.15172241301804662,
    0.16896360433223662,
    0.2056537013923844,
    0.2449831696732872,
    0.2870848867159566,
    0.2970436161551788,
    0.3099465429796965,
    0.3246875048709626,
    0.33366768348679443,
    0.34915699127485594,
    0.3620733991986526,
    0.3383662579884003,
    0.2721922746701921,
    0.2509855890962399,
    0.26063434822490306,
    0.27917503453477366,
    0.3009603243195443,
    0.331397068569845,
    0.35075868753992834,
    0.37347389391406977,
    0.3848932377604797,
    0.3913441459088972,
    0.3973041491887216,
    0.39710452271920077,
    0.408420531857746,
    0.4160900918277548,
    0.4270743230365042
  ],
  "val_loss": [
    5.323725414276123,
    2.366487812995911,
    2.556701183319092,
    2.813752067089081,
    2.7682064890861513,
    2.5026432156562803,
    1.9879886269569398,
    1.7490272402763367,
    1.3856634259223939,
    1.2408849239349364,
    1.1189780950546264,
    1.4204067587852478,
    1.289330291748047,
    1.1490010380744935,
    1.2040926337242126,
    1.4831482887268066,
    1.0571032643318177,
    1.3864929914474486,
    1.239887636899948,
    1.4398393988609315,
    1.1477915704250337,
    1.1213372707366944,
    1.152010178565979,
    1.1344484567642212,
    1.0920101642608642,
    1.1232296526432037,
    1.0912216067314149,
    1.1498687744140625,
    1.2303823947906494,
    1.0652431786060332
  ],
  "val_dice": [
    0.08816422079580662,
    0.08327456378030675,
    0.1641766341472785,
    0.18735427107425656,
    0.19830460473993544,
    0.21933942027587158,
    0.29398137002101116,
    0.31247588699085155,
    0.30309082623859196,
    0.33498971077769285,
    0.3471029095813384,
    0.3306294024679863,
    0.3369140771706132,
    0.30975164004643196,
    0.24204013012465647,
    0.22353103613987013,
    0.23095510477109177,
    0.2296048331957423,
    0.2545454269704423,
    0.26285502393109866,
    0.2886161267721464,
    0.2979384895700239,
    0.3171206275587049,
    0.31360696913041797,
    0.3336168346787782,
    0.34483206234697905,
    0.3529943687415072,
    0.34679343057959416,
    0.356319912665877,
    0.38636745929153765
  ],
  "val_vpcc": [
    0.9999999999999793,
    0.9999999999999816,
    0.9999999999999805,
    0.0,
    0.0,
    0.9999999999999805,
    0.9999999999999959,
    0.9999999999999671,
    0.9999999999999954,
    0.9999999999999859,
    0.9999999999999799,
    0.9999999999999865,
    0.9999999999999792,
    0.9999999999999938,
    0.999999999999984,
    0.9999999999999892,
    0.9999999999999941,
    0.9999999999999825,
    0.9999999999999897,
    0.9999999999999735,
    0.9999999999999797,
    0.9999999999999907,
    0.9999999999999677,
    0.9999999999999964,
    0.9999999999999765,
    0.9999999999999793,
    0.9999999999999766,
    0.9999999999999898,
    0.9999999999999771,
    0.999999999999988
  ],
  "val_rae": [
    2.6116943359375,
    0.5839913487434387,
    0.777481734752655,
    0.9999977350234985,
    0.9983990788459778,
    0.8813105225563049,
    0.6318860054016113,
    0.5329504013061523,
    0.37764930725097656,
    0.4349144697189331,
    0.3606890141963959,
    0.5864933133125305,
    0.5490028858184814,
    0.4648139476776123,
    0.49072349071502686,
    0.6702880263328552,
    0.36888062953948975,
    0.6376573443412781,
    0.5542250871658325,
    0.6552907824516296,
    0.4953267276287079,
    0.46207350492477417,
    0.4867534041404724,
    0.49627530574798584,
    0.4616532623767853,
    0.49198922514915466,
    0.4578591287136078,
    0.49866536259651184,
    0.5488607287406921,
    0.44768473505973816
  ],
  "lr": [
    0.0003,
    0.0003,
    0.0003,
    0.0003,
    0.0003,
    0.0003,
    0.0003,
    0.0003,
    0.0003,
    0.0003,
    0.0003,
    0.0003,
    0.0003,
    0.0003,
    0.0003,
    0.0003,
    0.00015,
    0.00015,
    0.00015,
    0.00015,
    0.00015,
    0.00015,
    7.5e-05,
    7.5e-05,
    7.5e-05,
    7.5e-05,
    7.5e-05,
    7.5e-05,
    7.5e-05,
    7.5e-05
  ]
}