{
  "train_loss": [
    1.038146236880881,
    0.6968330506418572,
    0.5401143084784024,
    0.4438103134514856,
    0.37808800696349537,
    0.3410464175900475,
    0.2949839666730068,
    0.26746499318568434,
    0.25453048138344875,
    0.24099049143126752,
    0.2045925599141199,
    0.19721241344193943,
    0.1813256104217201,
    0.17964178690167723,
    0.16020152522403686,
    0.15480121628182833,
    0.14517779367380454,
    0.1309630157517605,
    0.12179548934590621,
    0.11531713641569262,
    0.11604950992298908,
    0.1120048595867196,
    0.09906911098810493,
    0.0993892213360208,
    0.09692425726622832,
    0.08030030290122891,
    0.08159928121527688,
    0.08433009525302981,
    0.08601436977748012,
    0.07498055745343693,
    0.07413088322662917,
    0.08905091142800987,
    0.07550543467285203,
    0.061683972656238276,
    0.05645551782895307,
    0.054381281320677426,
    0.051766305490106836,
    0.049747666985285086,
    0.048749883124818566,
    0.05099721823925855,
    0.04814061333165794,
    0.04177965144397783,
    0.03564463137481056,
    0.03415349223574654,
    0.03256844219247826,
    0.031690105368367964,
    0.031411955468967315,
    0.0325138409789957,
    0.030492316962021294,
    0.02760909734385424
  ],
  "train_dice": [
    0.1409806874801957,
    0.2849070063727938,
    0.396171548751137,
    0.4721606591884361,
    0.5141793413728973,
    0.5358040206531276,
    0.5663132171803078,
    0.5937156933130788,
    0.5950647878659064,
    0.6108600656105033,
    0.6468256586002278,
    0.6550630646620373,
    0.6787799443805316,
    0.6675965955755834,
    0.6977192937839226,
    0.7020586541869113,
    0.7187143654608336,
    0.7353618527289296,
    0.7423905671314701,
    0.754197758057567,
    0.7486668686214578,
    0.7572826293648266,
    0.7788878709810679,
    0.7778358444205073,
    0.7780443915456045,
    0.8067808432779351,
    0.8048447408392781,
    0.7952807181682743,
    0.7958471833682451,
    0.80913095371645,
    0.8143805641009182,
    0.7925681019904184,
    0.809769612477451,
    0.8405286032156866,
    0.8492436741219193,
    0.850555618034391,
    0.8561857777540801,
    0.86411949650186,
    0.8655034086254777,
    0.8537403884970008,
    0.866446421038909,
    0.8778941032827877,
    0.8854910979268267,
    0.8974506349348631,
    0.901733143163509,
    0.9040882760872606,
    0.9045456518403819,
    0.9029114407594087,
    0.9069903908205814,
    0.9134603794969496
  ],
  "val_loss": [
    1.1503144651651382,
    0.6393726579844952,
    0.45583592914044857,
    0.7581339441239834,
    0.3731494154781103,
    0.30361784622073174,
    0.35600242763757706,
    0.2639575619250536,
    0.30552806705236435,
    0.24648797418922186,
    0.2670034635812044,
    0.20941649843007326,
    0.2098191799595952,
    0.24264884553849697,
    0.20462254993617535,
    0.2076078075915575,
    0.22410643566399813,
    0.21996353846043348,
    0.2141391271725297,
    0.21609124261885881,
    0.20962519757449627,
    0.20365310739725828,
    0.21362032182514668,
    0.21241621486842632,
    0.18379723373800516,
    0.18810741463676095,
    0.18568035028874874,
    0.27322675846517086,
    0.20635425299406052,
    0.18956662295386195,
    0.22980458196252584,
    0.21352155739441514,
    0.21185765927657485,
    0.20697008445858955,
    0.22728182654827833,
    0.2244299203157425,
    0.1970542734488845,
    0.21573148854076862,
    0.21845532674342394,
    0.2862962642684579,
    0.23296293150633574,
    0.22472169436514378,
    0.24969357065856457,
    0.24793680012226105,
    0.24090925883501768,
    0.2377539174631238,
    0.2441333900205791,
    0.24909291695803404,
    0.23550909291952848,
    0.26016230322420597
  ],
  "val_dice": [
    0.1685677297187821,
    0.3356855802049377,
    0.4396649711416103,
    0.3191807323237299,
    0.5011129206977785,
    0.5933065382996574,
    0.5160163671243936,
    0.5703417593613267,
    0.5208772053010762,
    0.6120149011258036,
    0.5918658063746989,
    0.6448531355708838,
    0.6440436011180282,
    0.6465625921264291,
    0.6786957089789212,
    0.6365235848352313,
    0.6259472214151174,
    0.6856889449991286,
    0.6735488171689212,
    0.6959930048324168,
    0.6965420795604587,
    0.6818800419569016,
    0.6585706942714751,
    0.7109898999333382,
    0.7088499763049185,
    0.7228898452594876,
    0.7103320672176778,
    0.7050183219835162,
    0.7288323044776917,
    0.7114522056654096,
    0.7037717867642641,
    0.7209353912621737,
    0.7310764854773879,
    0.7404970033094287,
    0.7465811995789409,
    0.7415869110263884,
    0.7297218358144164,
    0.7421681042760611,
    0.7403938909992576,
    0.7286269436590374,
    0.7340635904110968,
    0.7544877198524773,
    0.7554209786467254,
    0.7466048733331263,
    0.7516937525942922,
    0.7545338668860495,
    0.7511362447403371,
    0.7546868612989783,
    0.7519741747528315,
    0.7568392059765756
  ],
  "val_vPCC": [
    0.3278126677683928,
    0.4443533257378294,
    0.6015472441346105,
    0.46426865500901393,
    0.5480338580886804,
    0.5503632919808029,
    0.4982268604612372,
    0.6261728912141893,
    0.5769872286765207,
    0.7185280934522618,
    0.6468217333969994,
    0.6949042368985883,
    0.7597046879922031,
    0.7726315572070299,
    0.8047168316776061,
    0.7850409638381324,
    0.750278068499096,
    0.7986378516137476,
    0.7963627062056788,
    0.8720141097640998,
    0.8584828563273534,
    0.8658551229626908,
    0.7841184264098422,
    0.8690185739588214,
    0.8754579236599226,
    0.8859585402324578,
    0.8719809214586959,
    0.8552114219074543,
    0.8832264727088281,
    0.8893331408798891,
    0.8693369029050388,
    0.8779263925680465,
    0.8411595898317472,
    0.8825137946433357,
    0.8921540908197209,
    0.8830091369836632,
    0.8662766794982851,
    0.8784391832520307,
    0.8724275567119688,
    0.8852014274499869,
    0.8808429423949056,
    0.8810575092001494,
    0.8895960718904542,
    0.8841909676737197,
    0.8998122750502326,
    0.8887109880213582,
    0.8852600052360513,
    0.8833611425162482,
    0.8965065604237259,
    0.8848797801080746
  ],
  "val_RAE": [
    4.336498919418805,
    5.259932182124861,
    3.3581102515885477,
    2.950908874441163,
    2.130505343146002,
    1.6724033111806273,
    3.771771138095995,
    3.185146423262799,
    4.671194413004668,
    1.795690881071771,
    3.6617611393465395,
    1.8945050224776838,
    1.8948664719640034,
    0.8976661722453692,
    0.8936405451969627,
    1.6662957964924576,
    3.1038034707120667,
    1.1643186525801987,
    1.5319781378950115,
    0.8729732447361822,
    0.7798127519598675,
    1.1380400917326523,
    1.837907411838701,
    0.6538676501963124,
    0.9151981325166169,
    0.8609894149928216,
    0.8415041848392912,
    0.48259954826066126,
    0.6514536792324371,
    1.0379431617461852,
    0.6756775661849949,
    0.7619307223760019,
    0.6719007578580504,
    0.6940590219610256,
    0.5151934832917142,
    0.5233756526492792,
    0.8336418177558516,
    0.6050824309791114,
    0.7135415992994714,
    0.44042595126696943,
    0.6506946381084796,
    0.6043344884011288,
    0.500313957459277,
    0.5537940515125442,
    0.5111899952195783,
    0.5260892857679804,
    0.5741702347179075,
    0.5041805176341844,
    0.5014942419947963,
    0.48201127166998836
  ],